target,dose_plan_margin_mm,dice,volume_error_pct,before_D98_Gy,after_D98_Gy,delta_D98_Gy
GTV01,0,0.6630067567567568,-40.86021505376345,19.32238006591797,19.5932559967041,0.2708759307861328
GTV01,1,0.6630067567567568,-40.86021505376345,23.810190200805664,24.44013786315918,0.6299476623535156
GTV01,2,0.6630067567567568,-40.86021505376345,25.406103134155273,25.469921112060547,0.06381797790527344
GTV02,0,0.8254915730337078,-8.602150537634412,19.23744773864746,19.213863372802734,-0.023584365844726562
GTV02,1,0.8254915730337078,-8.602150537634412,24.160846710205078,24.13467025756836,-0.02617645263671875
GTV02,2,0.8254915730337078,-8.602150537634412,25.447254180908203,25.43115997314453,-0.016094207763671875
GTV03,0,0.6910655179127725,-27.419354838709854,19.11557388305664,18.48963737487793,-0.6259365081787109
GTV03,1,0.6910655179127725,-27.419354838709854,24.3670597076416,24.268096923828125,-0.09896278381347656
GTV03,2,0.6910655179127725,-27.419354838709854,25.823354721069336,25.756084442138672,-0.06727027893066406
GTV04,0,0.7798125877808988,-8.602150537634634,19.31584358215332,19.400951385498047,0.08510780334472656
GTV04,1,0.7798125877808988,-8.602150537634634,24.41777229309082,24.393503189086914,-0.02426910400390625
GTV04,2,0.7798125877808988,-8.602150537634634,25.44705581665039,25.436450958251953,-0.0106048583984375
GTV05,0,0.862176294820717,-9.436008676789598,19.80098533630371,19.792943954467773,-0.0080413818359375
GTV05,1,0.862176294820717,-9.436008676789598,23.907392501831055,23.915142059326172,0.0077495574951171875
GTV05,2,0.862176294820717,-9.436008676789598,26.431692123413086,26.432825088500977,0.001132965087890625
GTV06,0,0.8607352120535714,-5.639913232104121,20.12164306640625,19.2204647064209,-0.9011783599853516
GTV06,1,0.8607352120535714,-5.639913232104121,23.70435333251953,23.3283748626709,-0.3759784698486328
GTV06,2,0.8607352120535714,-5.639913232104121,25.590749740600586,25.357851028442383,-0.23289871215820312
GTV07,0,0.8565159006829823,-9.436008676789797,19.608999252319336,19.685434341430664,0.07643508911132812
GTV07,1,0.8565159006829823,-9.436008676789797,24.389780044555664,24.416427612304688,0.026647567749023438
GTV07,2,0.8565159006829823,-9.436008676789797,25.03629493713379,25.143997192382812,0.10770225524902344
GTV08,0,0.8449052153479236,-6.724511930585897,18.921371459960938,18.747432708740234,-0.17393875122070312
GTV08,1,0.8449052153479236,-6.724511930585897,24.321937561035156,24.161128997802734,-0.16080856323242188
GTV08,2,0.8449052153479236,-6.724511930585897,25.596410751342773,25.544780731201172,-0.05163002014160156
GTV09,0,0.8406268105446119,-9.492273730684332,19.59442710876465,19.03691291809082,-0.5575141906738281
GTV09,1,0.8406268105446119,-9.492273730684332,23.298198699951172,22.78509521484375,-0.5131034851074219
GTV09,2,0.8406268105446119,-9.492273730684332,25.695180892944336,25.4628849029541,-0.23229598999023438
GTV10,0,0.8513284850230415,-8.388520971302437,18.95914649963379,19.348548889160156,0.3894023895263672
GTV10,1,0.8513284850230415,-8.388520971302437,23.734466552734375,23.928707122802734,0.19424057006835938
GTV10,2,0.8513284850230415,-8.388520971302437,25.23871421813965,25.333250045776367,0.09453582763671875
GTV11,0,0.8277366460755814,-10.989010989011206,19.800500869750977,19.54296112060547,-0.2575397491455078
GTV11,1,0.8277366460755814,-10.989010989011206,23.21756362915039,23.297800064086914,0.08023643493652344
GTV11,2,0.8277366460755814,-10.989010989011206,25.285320281982422,25.227550506591797,-0.057769775390625
GTV12,0,0.85115073005698,-7.142857142857362,20.229259490966797,20.39445686340332,0.16519737243652344
GTV12,1,0.85115073005698,-7.142857142857362,24.386816024780273,24.504741668701172,0.11792564392089844
GTV12,2,0.85115073005698,-7.142857142857362,24.86026382446289,24.864349365234375,0.004085540771484375
GTV13,0,0.8364111189801698,-10.215053763441084,19.759244918823242,19.449466705322266,-0.30977821350097656
GTV13,1,0.8364111189801698,-10.215053763441084,22.91716194152832,23.017446517944336,0.10028457641601562
GTV13,2,0.8364111189801698,-10.215053763441084,25.627105712890625,25.592876434326172,-0.034229278564453125
GTV14,0,0.861521814404432,-5.913978494623883,20.064071655273438,20.480125427246094,0.41605377197265625
GTV14,1,0.861521814404432,-5.913978494623883,24.368200302124023,24.342605590820312,-0.025594711303710938
GTV14,2,0.861521814404432,-5.913978494623883,25.139734268188477,25.112794876098633,-0.02693939208984375
GTV15,0,0.9028956500824629,-4.723564143853998,20.103891372680664,20.145063400268555,0.041172027587890625
GTV15,1,0.9028956500824629,-4.723564143853998,23.69693374633789,23.693777084350586,-0.0031566619873046875
GTV15,2,0.9028956500824629,-4.723564143853998,23.856950759887695,23.928884506225586,0.07193374633789062
GTV16,0,0.91715313603041,-2.3081052066559415,19.908294677734375,19.869173049926758,-0.03912162780761719
GTV16,1,0.91715313603041,-2.3081052066559415,23.286983489990234,23.08355712890625,-0.20342636108398438
GTV16,2,0.91715313603041,-2.3081052066559415,25.665037155151367,25.553783416748047,-0.11125373840332031
GTV17,0,0.9048031413207805,-4.723564143854231,20.22511100769043,20.266094207763672,0.04098320007324219
GTV17,1,0.9048031413207805,-4.723564143854231,23.792984008789062,23.90945816040039,0.11647415161132812
GTV17,2,0.9048031413207805,-4.723564143854231,24.758617401123047,24.910215377807617,0.1515979766845703
GTV18,0,0.9066352725206891,-2.1739130434784926,19.89301872253418,19.60175132751465,-0.29126739501953125
GTV18,1,0.9066352725206891,-2.1739130434784926,23.552587509155273,23.562110900878906,0.009523391723632812
GTV18,2,0.9066352725206891,-2.1739130434784926,25.13740348815918,25.102060317993164,-0.035343170166015625
GTV19,0,0.9045916463083605,-2.8892455858748,19.73756217956543,19.679136276245117,-0.0584259033203125
GTV19,1,0.9045916463083605,-2.8892455858748,23.882062911987305,23.858301162719727,-0.023761749267578125
GTV19,2,0.9045916463083605,-2.8892455858748,23.57681655883789,23.538135528564453,-0.0386810302734375
GTV20,0,0.9063781087728887,-4.226859283039063,19.918516159057617,20.180526733398438,0.2620105743408203
GTV20,1,0.9063781087728887,-4.226859283039063,23.31667709350586,23.43817710876465,0.12150001525878906
GTV20,2,0.9063781087728887,-4.226859283039063,24.870195388793945,24.90625762939453,0.03606224060058594
GTV21,0,0.9042438429526539,-3.722549544724396,19.861478805541992,19.86659049987793,0.0051116943359375
GTV21,1,0.9042438429526539,-3.722549544724396,22.952220916748047,22.914812088012695,-0.03740882873535156
GTV21,2,0.9042438429526539,-3.722549544724396,24.684171676635742,24.617977142333984,-0.06619453430175781
GTV22,0,0.899920690155759,-3.990358864488708,20.03839111328125,20.074851989746094,0.03646087646484375
GTV22,1,0.899920690155759,-3.990358864488708,23.41325569152832,23.530208587646484,0.11695289611816406
GTV22,2,0.899920690155759,-3.990358864488708,23.91044044494629,23.945810317993164,0.035369873046875
GTV23,0,0.9070813639432815,-2.533333333333565,19.978321075439453,19.508878707885742,-0.46944236755371094
GTV23,1,0.9070813639432815,-2.533333333333565,23.7333984375,23.595396041870117,-0.1380023956298828
GTV23,2,0.9070813639432815,-2.533333333333565,24.90132713317871,24.864238739013672,-0.03708839416503906
GTV24,0,0.9085841771613342,-4.1333333333335665,19.865535736083984,19.935949325561523,0.07041358947753906
GTV24,1,0.9085841771613342,-4.1333333333335665,22.80044937133789,22.851125717163086,0.05067634582519531
GTV24,2,0.9085841771613342,-4.1333333333335665,25.207630157470703,25.274681091308594,0.06705093383789062
