arm,target,D98_from_export_Gy,D50_from_export_Gy,delta_D98_from_export_Gy,V20_from_export_pct
ElementsOriginal,PTV01,20.195190476190476,23.075002974419988,0.0,99.16
ElementsOriginal,PTV02,20.311988795518207,22.86,0.0,99.286
ElementsOriginal,PTV03,20.287184986595175,23.12,0.0,98.881
ElementsOriginal,PTV04,20.267184986595176,23.795,0.0,99.254
ElementsOriginal,PTV05,20.336795865633075,23.67,0.0,99.485
ElementsOriginal,PTV06,20.210387596899224,23.347507274490784,0.0,98.969
ElementsOriginal,PTV07,20.16723076923077,23.72,0.0,98.828
ElementsOriginal,PTV08,20.173615384615385,24.012012288786483,0.0,98.568
ElementsOriginal,PTV09,20.250387596899223,24.144006211180123,0.0,98.711
ElementsOriginal,PTV10,20.168769230769232,24.15,0.0,98.446
ElementsOriginal,PTV11,20.39203125,23.62,0.0,98.846
ElementsOriginal,PTV12,20.21203125,24.39500974658869,0.0,98.974
ElementsOriginal,PTV13,20.25283333333333,22.988574821852733,0.0,98.798
ElementsOriginal,PTV14,20.57283333333333,24.225707491082044,0.0,99.038
ElementsOriginal,PTV15,20.213548387096772,23.8350135501355,0.0,98.801
ElementsOriginal,PTV16,20.357256637168142,23.645696202531646,0.0,99.458
ElementsOriginal,PTV17,20.26879120879121,24.4928526645768,0.0,98.496
ElementsOriginal,PTV18,20.42879120879121,24.129327485380117,0.0,99.362
ElementsOriginal,PTV19,20.352359550561797,24.54714054927302,0.0,98.585
ElementsOriginal,PTV20,20.504888888888885,24.286018099547512,0.0,98.939
ElementsOriginal,PTV21,20.243022508038585,23.393647540983604,0.0,98.757
ElementsOriginal,PTV22,20.467067669172934,24.29876056338028,0.0,99.068
ElementsOriginal,PTV23,20.000898876404495,24.18749295774648,0.0,98.004
ElementsOriginal,PTV24,20.230395480225987,23.511669793621014,0.0,98.58
ElementsOriginal,GTV01,24.048797250859106,25.385714987714987,0.0,100.0
ElementsOriginal,GTV02,24.584402407566635,25.26,0.0,100.0
ElementsOriginal,GTV03,24.749919944309084,25.24,0.0,100.0
ElementsOriginal,GTV04,24.6448,25.68,0.0,100.0
ElementsOriginal,GTV05,24.164792833146695,25.513338312173264,0.0,100.0
ElementsOriginal,GTV06,23.809596412556054,25.3,0.0,100.0
ElementsOriginal,GTV07,24.706393088552915,25.89,0.0,100.0
ElementsOriginal,GTV08,24.686393088552915,25.85333333333333,0.0,100.0
ElementsOriginal,GTV09,23.803201663201662,25.59199667221298,0.0,100.0
ElementsOriginal,GTV10,24.36320166320166,25.94,0.0,100.0
ElementsOriginal,GTV11,23.310795918367347,24.953333333333333,0.0,100.0
ElementsOriginal,GTV12,24.661591836734694,26.61,0.0,100.0
ElementsOriginal,GTV13,23.033993399339934,24.44,0.0,100.0
ElementsOriginal,GTV14,24.567999999999998,25.96,0.0,100.0
ElementsOriginal,GTV15,23.950407239819004,25.46,0.0,100.0
ElementsOriginal,GTV16,23.480325497287524,25.113333333333333,0.0,100.0
ElementsOriginal,GTV17,23.90962962962963,26.113343605546998,0.0,100.0
ElementsOriginal,GTV18,23.682401847575058,25.463532608695655,0.0,100.0
ElementsOriginal,GTV19,24.124285714285715,26.02,0.0,100.0
ElementsOriginal,GTV20,23.433193473193473,25.453322981366462,0.0,100.0
ElementsOriginal,GTV21,23.08283105022831,24.543078004216444,0.0,100.0
ElementsOriginal,GTV22,23.56853658536585,25.632306610407877,0.0,100.0
ElementsOriginal,GTV23,23.98240184757506,25.944619758351102,0.0,100.0
ElementsOriginal,GTV24,22.9032,24.68736995624696,0.0,100.0
ElementsStandardReturn,GTV01,24.1192030724916,24.98,0.07040582163249454,100.0
ElementsStandardReturn,GTV02,23.65038732394366,24.632002815909892,-0.9340150836229739,100.0
ElementsStandardReturn,GTV03,24.13400119976005,24.810000000000002,-0.6159187445490346,100.0
ElementsStandardReturn,GTV04,24.027193277310925,25.12399865591398,-0.6176067226890751,100.0
ElementsStandardReturn,GTV05,23.95600760456274,25.29333755541482,-0.20878522858395598,100.0
ElementsStandardReturn,GTV06,23.349596412556053,24.871998207885305,-0.46000000000000085,100.0
ElementsStandardReturn,GTV07,24.356798528058878,25.57,-0.3495945604940367,100.0
ElementsStandardReturn,GTV08,24.033993399339934,25.5266715542522,-0.6523996892129809,100.0
ElementsStandardReturn,GTV09,23.376813819577734,25.43,-0.4263878436239281,100.0
ElementsStandardReturn,GTV10,23.861591836734693,25.62,-0.501609826466968,100.0
ElementsStandardReturn,GTV11,23.16,24.784000000000002,-0.15079591836734707,100.0
ElementsStandardReturn,GTV12,24.498392156862746,26.28,-0.16319967987194772,100.0
ElementsStandardReturn,GTV13,22.96,24.264000000000003,-0.07399339933993332,100.0
ElementsStandardReturn,GTV14,24.22520255863539,25.65,-0.3427974413646062,100.0
ElementsStandardReturn,GTV15,23.82119658119658,25.36,-0.12921065862242287,100.0
ElementsStandardReturn,GTV16,23.127962962962965,24.94,-0.3523625343245591,100.0
ElementsStandardReturn,GTV17,23.885172413793104,25.998330935251797,-0.02445721583652727,100.0
ElementsStandardReturn,GTV18,23.408536585365855,25.292502857142857,-0.2738652622092026,100.0
ElementsStandardReturn,GTV19,23.855575221238936,25.87768967874231,-0.26871049304677896,100.0
ElementsStandardReturn,GTV20,23.29,25.343996399639963,-0.14319347319347386,100.0
ElementsStandardReturn,GTV21,22.88,24.432007200720072,-0.20283105022831194,100.0
ElementsStandardReturn,GTV22,23.532389380530972,25.496669931439765,-0.03614720483487943,100.0
ElementsStandardReturn,GTV23,23.587349397590362,25.72777889447236,-0.39505244998469635,100.0
ElementsStandardReturn,GTV24,22.804628820960698,24.582730158730158,-0.09857117903930046,100.0
ElementsStandardReturn,PTV17,20.224385026737966,24.263625730994153,-0.04440618205324398,98.461
ElementsStandardReturn,PTV19,20.005223880597015,24.30635437881874,-0.34713566996478207,98.035
ElementsStandardReturn,PTV16,20.07516129032258,23.434559686888456,-0.28209534684556203,98.281
ElementsStandardReturn,PTV23,19.78666666666667,23.93,-0.2142322097378262,96.888
ElementsStandardReturn,PTV22,20.246666666666666,24.14169741697417,-0.22040100250626793,98.692
ElementsStandardReturn,PTV20,20.289438202247194,24.14384083044983,-0.21545068664169165,98.843
ElementsStandardReturn,PTV21,19.90111111111111,23.241102941176468,-0.3419113969274754,97.733
ElementsStandardReturn,PTV09,19.92318181818182,23.816666666666666,-0.32720577871740275,97.889
ElementsStandardReturn,PTV18,20.279656652360515,23.896008583690985,-0.1491345564306954,99.254
ElementsStandardReturn,PTV03,20.73799019607843,22.705,0.4508052094832564,99.592
ElementsStandardReturn,PTV10,19.577176470588235,23.644990176817288,-0.5915927601809976,95.674
ElementsStandardReturn,PTV07,20.1656,23.39,-0.0016307692307684363,98.489
ElementsStandardReturn,PTV06,19.93761194029851,23.06,-0.27277565660071446,97.581
ElementsStandardReturn,PTV11,20.0115625,23.282495126705655,-0.3804687499999986,98.074
ElementsStandardReturn,PTV15,20.052812499999998,23.633333333333333,-0.16073588709677367,98.508
ElementsStandardReturn,PTV04,20.54240409207161,23.29,0.2752191054764346,99.609
ElementsStandardReturn,PTV14,20.3208,23.97331550802139,-0.25203333333333333,99.002
ElementsStandardReturn,PTV02,19.585593667546174,22.21,-0.7263951279720331,93.182
ElementsStandardReturn,PTV12,20.46721568627451,23.953333333333333,0.2551844362745115,99.109
ElementsStandardReturn,PTV24,20.207065217391303,23.353749999999998,-0.023330262834683424,98.71
ElementsStandardReturn,PTV01,20.38561027837259,22.50666191155492,0.19041980218211307,99.065
ElementsStandardReturn,PTV05,20.12075187969925,23.404,-0.21604398593382612,98.67
ElementsStandardReturn,PTV13,20.060401606425703,22.76249246231156,-0.19243172690762833,98.134
ElementsStandardReturn,PTV08,19.79,23.631425509110397,-0.3836153846153856,96.933
ElementsEclipseReturn,GTV01,21.996813819577735,24.62666666666667,-2.0519834312813714,100.0
ElementsEclipseReturn,GTV02,23.766933603649267,24.68,-0.8174688039173681,100.0
ElementsEclipseReturn,GTV03,24.134804711717297,24.795001550387596,-0.615115232591787,100.0
ElementsEclipseReturn,GTV04,23.93,25.114995625546808,-0.7148000000000003,100.0
ElementsEclipseReturn,GTV05,22.241577608142492,24.990000000000002,-1.9232152250042027,100.0
ElementsEclipseReturn,GTV06,23.268800000000002,24.864997223764576,-0.5407964125560518,100.0
ElementsEclipseReturn,GTV07,24.3528,25.575002275830677,-0.35359308855291616,100.0
ElementsEclipseReturn,GTV08,23.91,25.43249718785152,-0.7763930885529149,100.0
ElementsEclipseReturn,GTV09,23.38,25.34,-0.4232016632016631,100.0
ElementsEclipseReturn,GTV10,22.548407079646015,25.554998158379373,-1.8147945835556456,100.0
ElementsEclipseReturn,GTV11,22.817596899224807,24.704997573993207,-0.4931990191425406,100.0
ElementsEclipseReturn,GTV12,24.19801169590643,26.23500487804878,-0.46358014082826315,100.0
ElementsEclipseReturn,GTV13,22.92281573498965,24.256662068965518,-0.11117766435028287,100.0
ElementsEclipseReturn,GTV14,24.12438818565401,25.698,-0.4436118143459886,100.0
ElementsEclipseReturn,GTV15,23.00247619047619,25.22714480874317,-0.947931049342813,100.0
ElementsEclipseReturn,GTV16,23.10957345971564,24.908893572181242,-0.3707520375718829,100.0
ElementsEclipseReturn,GTV17,23.798809523809524,25.967782178217824,-0.11082010582010682,100.0
ElementsEclipseReturn,GTV18,23.347417840375588,25.278757327080893,-0.33498400719946986,100.0
ElementsEclipseReturn,GTV19,23.66880733944954,25.815553278688526,-0.4554783748361757,100.0
ElementsEclipseReturn,GTV20,23.483243243243244,25.328891129032257,0.05004977004977107,100.0
ElementsEclipseReturn,GTV21,22.805767441860464,24.371824324324322,-0.2770636083678468,100.0
ElementsEclipseReturn,GTV22,23.513157894736842,25.471664212076583,-0.05537869062900924,100.0
ElementsEclipseReturn,GTV23,23.60402476780186,25.67776859504132,-0.37837707977319823,100.0
ElementsEclipseReturn,GTV24,22.876991150442475,24.56272141706924,-0.02620884955752345,100.0
ElementsEclipseReturn,PTV17,20.099148936170216,24.23333333333333,-0.16964227262099385,98.277
ElementsEclipseReturn,PTV16,19.786363636363635,23.28,-0.5708930008045066,97.043
ElementsEclipseReturn,PTV13,19.945573770491805,22.66,-0.30725956284152645,97.789
ElementsEclipseReturn,PTV19,19.917954545454545,24.204985673352436,-0.43440500510725144,97.86
ElementsEclipseReturn,PTV14,19.772816326530613,23.84,-0.8000170068027188,97.666
ElementsEclipseReturn,PTV08,19.515238095238097,23.456666666666667,-0.6583772893772881,95.685
ElementsEclipseReturn,PTV18,20.166593406593407,23.85283489096573,-0.26219780219780375,98.626
ElementsEclipseReturn,PTV03,20.121989795918367,22.662498406628426,-0.16519519067680832,98.039
ElementsEclipseReturn,PTV23,19.644664536741214,23.894986072423396,-0.3562343396632812,96.281
ElementsEclipseReturn,PTV06,19.39203125,22.92332899869961,-0.8183563468992254,94.872
ElementsEclipseReturn,PTV02,19.59198879551821,22.08,-0.7199999999999989,92.857
ElementsEclipseReturn,PTV05,20.255620437956207,23.397506824385804,-0.08117542767686814,99.313
ElementsEclipseReturn,PTV21,19.868988764044943,23.13376404494382,-0.37403374399364253,97.416
ElementsEclipseReturn,PTV09,17.786782608695653,23.490000000000002,-2.4636049882035707,92.734
ElementsEclipseReturn,PTV22,20.364444444444445,24.087692307692308,-0.1026232247284895,98.605
ElementsEclipseReturn,PTV10,19.60161290322581,23.6,-0.5671563275434224,95.771
ElementsEclipseReturn,PTV20,20.235348837209298,24.054313725490196,-0.26954005167958783,98.645
ElementsEclipseReturn,PTV07,19.848297455968687,23.09,-0.3189333132620824,96.807
ElementsEclipseReturn,PTV12,20.53078125,23.89,0.3187500000000014,99.485
ElementsEclipseReturn,PTV01,20.38561027837259,22.50666191155492,0.19041980218211307,99.065
ElementsEclipseReturn,PTV11,20.00241935483871,23.224999999999998,-0.3896118951612877,98.015
ElementsEclipseReturn,PTV15,19.954893617021277,23.557142857142857,-0.25865477007549487,97.881
ElementsEclipseReturn,PTV04,20.54599469496021,23.22333922261484,0.27880970836503494,99.623
ElementsEclipseReturn,PTV24,19.77266666666667,23.302736418511067,-0.45772881355931716,97.198
RayStationStandard,PTV11,19.461,23.541,-0.9310312500000002,97.39682945736433
RayStationStandard,GTV11,23.153,25.005,-0.15779591836734852,100.0
RayStationStandard,GTV20,23.031,25.429,-0.4021934731934742,100.0
RayStationStandard,GTV19,24.122,26.053,-0.0022857142857155566,100.0
RayStationStandard,PTV12,19.906,24.485,-0.3060312500000002,97.629
RayStationStandard,PTV02,18.752,22.406,-1.5599887955182083,92.51153153153153
RayStationStandard,PTV15,19.244,23.847,-0.969548387096772,96.76658955223881
RayStationStandard,PTV16,19.698,23.751,-0.6592566371681414,96.47946666666667
RayStationStandard,PTV19,19.707,24.541,-0.6453595505617962,97.46380882352942
RayStationStandard,PTV01,19.459,23.309,-0.7361904761904761,96.26074193548388
RayStationStandard,PTV14,19.54,24.183,-1.0328333333333326,96.471
RayStationStandard,PTV04,20.22,23.991,-0.04718498659517678,99.398
RayStationStandard,GTV05,23.506,25.652,-0.6587928331466948,100.0
RayStationStandard,GTV03,23.226,24.978,-1.5239199443090854,100.0
RayStationStandard,GTV17,23.604,26.207,-0.3056296296296317,100.0
RayStationStandard,GTV02,23.494,24.909,-1.0904024075666356,100.0
RayStationStandard,GTV08,23.635,25.894,-1.0513930885529135,100.0
RayStationStandard,GTV04,24.225,25.5,-0.4197999999999986,100.0
RayStationStandard,GTV18,23.185,25.48,-0.497401847575059,100.0
RayStationStandard,GTV14,24.183,25.925,-0.384999999999998,100.0
RayStationStandard,GTV13,22.755,24.339,-0.27899339933993517,100.0
RayStationStandard,PTV08,18.74,23.921,-1.4336153846153863,94.88297872340426
RayStationStandard,PTV24,19.782,23.546,-0.44839548022598663,96.57594936708861
RayStationStandard,GTV12,24.212,26.443,-0.44959183673469383,100.0
RayStationStandard,GTV09,23.09,25.302,-0.7132016632016622,100.0
RayStationStandard,GTV22,23.453,25.71,-0.11553658536585232,100.0
RayStationStandard,GTV16,23.114,25.109,-0.36632549728752295,100.0
RayStationStandard,GTV10,24.15,25.809,-0.21320166320166223,100.0
RayStationStandard,GTV24,22.817,24.699,-0.08619999999999806,100.0
RayStationStandard,GTV15,23.213,25.559,-0.737407239819003,100.0
RayStationStandard,GTV23,23.248,25.899,-0.7344018475750573,100.0
RayStationStandard,GTV06,23.24,25.289,-0.5695964125560558,100.0
RayStationStandard,GTV01,23.623,25.521,-0.42579725085910525,100.0
RayStationStandard,GTV21,22.786,24.49,-0.2968310502283096,100.0
RayStationStandard,GTV07,23.725,25.915,-0.9813930885529132,100.0
RayStationStandard,PTV06,19.271,23.24,-0.9393875968992234,94.07527272727272
RayStationStandard,PTV05,19.609,23.601,-0.7277958656330732,97.08342857142857
RayStationStandard,PTV20,20.044,24.343,-0.4608888888888849,98.02775384615384
RayStationStandard,PTV13,19.089,22.896,-1.1638333333333328,94.94682258064516
RayStationStandard,PTV07,19.148,23.575,-1.01923076923077,93.81733333333342
RayStationStandard,PTV23,18.967,24.111,-1.0338988764044963,96.25147058823529
RayStationStandard,PTV17,19.49,24.641,-0.7787912087912119,97.05165217391304
RayStationStandard,PTV21,19.656,23.482,-0.5870225080385865,97.12
RayStationStandard,PTV03,19.453,23.238,-0.8341849865951758,94.80160747663551
RayStationStandard,PTV18,19.774,24.157,-0.6547912087912096,97.53120338983051
RayStationStandard,PTV09,19.088,24.194,-1.1623875968992223,96.45152941176471
RayStationStandard,PTV22,19.96,24.296,-0.5070676691729332,97.47643333333333
RayStationStandard,PTV10,19.399,24.15,-0.7697692307692314,95.41347368421052
EclipseHDSSHigh,GTV01,23.114941257908807,24.61859911047779,-0.9338559929502992,100.0000000000054
EclipseHDSSHigh,GTV02,24.04898456995053,24.88182857017441,-0.5354178376161052,100.00000000000314
EclipseHDSSHigh,GTV03,24.277743170784333,24.841522157691436,-0.47217677352475107,100.00000000000378
EclipseHDSSHigh,GTV04,24.653827009647,25.20551845137489,0.009027009646999318,99.99999999999986
EclipseHDSSHigh,GTV05,23.179398873666415,25.197519728521215,-0.9853939594802803,100.00000000000338
EclipseHDSSHigh,GTV06,23.793041793095302,25.070046260989653,-0.016554619460752207,99.99999999999683
EclipseHDSSHigh,GTV07,24.468235483297672,25.796295604779072,-0.23815760525524254,100.00000000000375
EclipseHDSSHigh,GTV08,24.150620407619584,25.58385401420616,-0.5357726809333307,99.99999999999815
EclipseHDSSHigh,GTV09,23.349111095084705,25.358479831259952,-0.4540905681169569,100.00000000000126
EclipseHDSSHigh,GTV10,22.190002348157172,25.614539142095076,-2.1731993150444886,99.9999999999971
EclipseHDSSHigh,GTV11,23.25089041087335,24.770159720860452,-0.05990550749399759,99.99999999999991
EclipseHDSSHigh,GTV12,24.87298282715215,26.397154044536197,0.21139099041745624,99.99999999999764
EclipseHDSSHigh,GTV13,22.932283260815133,24.282758309887278,-0.10171013852480115,99.99999999999798
EclipseHDSSHigh,GTV14,24.37488768349983,25.821535701751824,-0.19311231650016936,99.99999999999875
EclipseHDSSHigh,GTV15,23.60234059424399,25.3923773066613,-0.3480666455750132,99.9999999999951
EclipseHDSSHigh,GTV16,23.501815588576246,25.060612970773295,0.02149009128872237,99.99999999999157
EclipseHDSSHigh,GTV17,23.89612968539106,26.128644410563407,-0.01349994423857126,99.99999999999712
EclipseHDSSHigh,GTV18,23.736371289120935,25.51615201784299,0.05396944154587757,100.00000000000098
EclipseHDSSHigh,GTV19,23.684964056901066,26.000806060367154,-0.43932165738464946,99.99999999999419
EclipseHDSSHigh,GTV20,23.49211742410326,25.41684059870321,0.05892395090978653,99.99999999999056
EclipseHDSSHigh,GTV21,23.173502904947,24.46483701134112,0.0906718547186891,100.00000000000527
EclipseHDSSHigh,GTV22,23.689392703063017,25.625155288344672,0.12085611769716564,100.00000000000601
EclipseHDSSHigh,GTV23,24.03723958606832,25.83460739479475,0.05483773849326212,99.99999999999831
EclipseHDSSHigh,GTV24,23.234085479046236,24.739066490260598,0.33088547904623766,99.99999999999703
EclipseHDSSHigh,PTV01,19.97570364061629,22.521681801351818,-0.21948683557418747,97.83490329275875
EclipseHDSSHigh,PTV02,19.819208400436256,22.397652296559095,-0.49278039508195093,96.9256423518782
EclipseHDSSHigh,PTV03,20.401112693590647,22.64303271679674,0.11392770699547228,99.39949072800898
EclipseHDSSHigh,PTV04,21.21494385921984,23.442954883379265,0.9477588726246644,99.90190055072524
EclipseHDSSHigh,PTV05,20.268055578830744,23.42336798996295,-0.06874028680233124,98.94506652875842
EclipseHDSSHigh,PTV06,19.81078032745246,22.925862495197382,-0.39960726944676495,97.06660236391374
EclipseHDSSHigh,PTV07,19.937067266025444,23.218100321557614,-0.23016350320532553,97.72336604729482
EclipseHDSSHigh,PTV08,19.653643631029052,23.62294994909963,-0.5199717535863329,96.57275505940785
EclipseHDSSHigh,PTV09,19.144168519645362,23.987884120089507,-1.1062190772538614,95.72279736852396
EclipseHDSSHigh,PTV10,20.243117347271532,23.727033364336272,0.07434811650229989,98.716518592132
EclipseHDSSHigh,PTV11,20.29352089882358,23.293287708716075,-0.09851035117641871,98.88002719488865
EclipseHDSSHigh,PTV12,20.507533189345928,23.956503996557252,0.29550193934592883,99.08980491683559
EclipseHDSSHigh,PTV13,20.239601337693937,22.815544509091232,-0.013231995639394256,99.09179598731619
EclipseHDSSHigh,PTV14,20.229509953468263,23.9752818136183,-0.343323379865069,98.53548716357871
EclipseHDSSHigh,PTV15,20.15166000597394,23.695246682373266,-0.06188838112283079,98.49687870057738
EclipseHDSSHigh,PTV16,20.30129396255112,23.527588775551944,-0.05596267461702098,99.05582928757892
EclipseHDSSHigh,PTV17,20.34987143487925,24.44790718404447,0.08108022608804077,98.73196629058124
EclipseHDSSHigh,PTV18,20.250202208064504,24.041590367458586,-0.17858900072670636,98.87938707666449
EclipseHDSSHigh,PTV19,20.672584032189164,24.486758915338655,0.32022448162736694,99.28789636583252
EclipseHDSSHigh,PTV20,20.51152700650001,24.220312662843533,0.006638117611124983,99.05638982310819
EclipseHDSSHigh,PTV21,20.141741584181315,23.39473164259862,-0.10128092385727072,98.29165179474165
EclipseHDSSHigh,PTV22,20.53017622217039,24.260928266220713,0.06310855299745555,99.24190903735355
EclipseHDSSHigh,PTV23,19.83538774256429,24.004693092007994,-0.1655111338402051,97.48846417696676
EclipseHDSSHigh,PTV24,19.872616982336055,23.430618437293468,-0.35777849788993166,97.46039539523872
