plan,target,margin_mm,original_D98_Gy,new_dose_original_roi_D98_Gy,new_dose_planning_roi_D98_Gy,delta_plan_Gy,delta_evaluation_Gy
M01_Standard,PTV11,1,20.18935775756836,19.80539894104004,19.609220504760742,-0.3839588165283203,-0.19617843627929688
M01_EclipseHDSSHigh,PTV11,1,20.18935775756836,19.6705379486084,19.242433547973633,-0.5188198089599609,-0.4281044006347656
M01_Standard,PTV16,1,20.14811897277832,19.750537872314453,19.821008682250977,-0.3975811004638672,0.07047080993652344
M01_EclipseHDSSHigh,PTV16,1,20.14811897277832,20.548349380493164,19.795440673828125,0.40023040771484375,-0.7529087066650391
M01_Standard,PTV14,1,20.23572540283203,19.77573013305664,19.542665481567383,-0.4599952697753906,-0.2330646514892578
M01_EclipseHDSSHigh,PTV14,1,20.23572540283203,19.69916343688965,19.51548194885254,-0.5365619659423828,-0.18368148803710938
M01_Standard,PTV15,1,19.96192741394043,19.562089920043945,19.436941146850586,-0.3998374938964844,-0.12514877319335938
M01_EclipseHDSSHigh,PTV15,1,19.96192741394043,19.881521224975586,19.586423873901367,-0.08040618896484375,-0.29509735107421875
M01_Standard,PTV19,1,20.099111557006836,20.304706573486328,19.865394592285156,0.2055950164794922,-0.4393119812011719
M01_EclipseHDSSHigh,PTV19,1,20.099111557006836,19.891233444213867,19.763824462890625,-0.20787811279296875,-0.1274089813232422
M01_Standard,PTV01,1,19.719972610473633,18.514057159423828,18.8560733795166,-1.2059154510498047,0.34201622009277344
M01_EclipseHDSSHigh,PTV01,1,19.719972610473633,18.69455337524414,18.474815368652344,-1.0254192352294922,-0.21973800659179688
M01_Standard,PTV04,1,20.668872833251953,19.502206802368164,19.59027099609375,-1.166666030883789,0.08806419372558594
M01_EclipseHDSSHigh,PTV04,1,20.668872833251953,19.919710159301758,19.33196449279785,-0.7491626739501953,-0.5877456665039062
M01_Standard,PTV12,1,20.191856384277344,19.542970657348633,19.442691802978516,-0.6488857269287109,-0.10027885437011719
M01_EclipseHDSSHigh,PTV12,1,20.191856384277344,19.778514862060547,19.71040916442871,-0.4133415222167969,-0.06810569763183594
M01_Standard,PTV02,1,19.504539489746094,19.86009407043457,19.413637161254883,0.35555458068847656,-0.4464569091796875
M01_EclipseHDSSHigh,PTV02,1,19.504539489746094,19.76806640625,19.132396697998047,0.26352691650390625,-0.6356697082519531
M01_Standard,PTV24,1,19.87938690185547,19.66619300842285,19.687131881713867,-0.2131938934326172,0.020938873291015625
M01_EclipseHDSSHigh,PTV24,1,19.87938690185547,19.966726303100586,19.729476928710938,0.08733940124511719,-0.23724937438964844
M01_Standard,PTV08,1,19.639564514160156,19.928279876708984,19.729267120361328,0.2887153625488281,-0.19901275634765625
M01_EclipseHDSSHigh,PTV08,1,19.639564514160156,19.9207763671875,19.442880630493164,0.28121185302734375,-0.47789573669433594
M01_Standard,PTV09,1,19.720802307128906,19.994958877563477,19.884977340698242,0.2741565704345703,-0.10998153686523438
M01_EclipseHDSSHigh,PTV09,1,19.720802307128906,21.461332321166992,20.15021324157715,1.740530014038086,-1.3111190795898438
M01_Standard,PTV06,1,19.89785385131836,19.458967208862305,19.677928924560547,-0.4388866424560547,0.2189617156982422
M01_EclipseHDSSHigh,PTV06,1,19.89785385131836,20.79918098449707,19.790958404541016,0.9013271331787109,-1.0082225799560547
M01_Standard,PTV18,1,20.20806884765625,19.910018920898438,19.76522445678711,-0.2980499267578125,-0.14479446411132812
M01_EclipseHDSSHigh,PTV18,1,20.20806884765625,20.06648063659668,20.014204025268555,-0.1415882110595703,-0.052276611328125
M01_Standard,PTV05,1,20.147253036499023,20.094547271728516,20.399036407470703,-0.05270576477050781,0.3044891357421875
M01_EclipseHDSSHigh,PTV05,1,20.147253036499023,19.357160568237305,18.793132781982422,-0.7900924682617188,-0.5640277862548828
M01_Standard,PTV20,1,20.317123413085938,20.101221084594727,20.04347801208496,-0.21590232849121094,-0.057743072509765625
M01_EclipseHDSSHigh,PTV20,1,20.317123413085938,20.37760353088379,20.028879165649414,0.06048011779785156,-0.348724365234375
M01_Standard,PTV03,1,20.168819427490234,19.360855102539062,19.24370574951172,-0.8079643249511719,-0.11714935302734375
M01_EclipseHDSSHigh,PTV03,1,20.168819427490234,20.14434051513672,19.659202575683594,-0.024478912353515625,-0.485137939453125
M01_Standard,PTV10,1,19.580198287963867,19.648927688598633,19.762569427490234,0.06872940063476562,0.11364173889160156
M01_EclipseHDSSHigh,PTV10,1,19.580198287963867,19.749265670776367,19.361783981323242,0.1690673828125,-0.387481689453125
M01_Standard,PTV13,1,19.971424102783203,19.72087287902832,19.46402359008789,-0.2505512237548828,-0.2568492889404297
M01_EclipseHDSSHigh,PTV13,1,19.971424102783203,19.694416046142578,19.410402297973633,-0.277008056640625,-0.2840137481689453
M01_Standard,PTV07,1,19.86285972595215,19.705984115600586,19.90034294128418,-0.1568756103515625,0.19435882568359375
M01_EclipseHDSSHigh,PTV07,1,19.86285972595215,19.74413299560547,19.50536346435547,-0.11872673034667969,-0.23876953125
M01_Standard,PTV23,1,19.62100601196289,19.75478744506836,19.506319046020508,0.13378143310546875,-0.24846839904785156
M01_EclipseHDSSHigh,PTV23,1,19.62100601196289,20.231287002563477,19.765644073486328,0.6102809906005859,-0.46564292907714844
M01_Standard,PTV17,1,20.086484909057617,19.709081649780273,19.607097625732422,-0.37740325927734375,-0.10198402404785156
M01_EclipseHDSSHigh,PTV17,1,20.086484909057617,20.153039932250977,19.76424217224121,0.06655502319335938,-0.3887977600097656
M01_Standard,PTV22,1,20.328197479248047,20.01878547668457,19.800073623657227,-0.30941200256347656,-0.21871185302734375
M01_EclipseHDSSHigh,PTV22,1,20.328197479248047,20.107696533203125,20.068525314331055,-0.22050094604492188,-0.03917121887207031
M01_Standard,PTV21,1,19.930879592895508,19.630830764770508,19.644445419311523,-0.300048828125,0.013614654541015625
M01_EclipseHDSSHigh,PTV21,1,19.930879592895508,20.21211051940918,19.86100959777832,0.2812309265136719,-0.3511009216308594
M02_EclipseHDSSHigh,PTV09,2,19.691011428833008,20.20081329345703,19.98784065246582,0.5098018646240234,-0.21297264099121094
M02_Standard,PTV09,2,19.691011428833008,20.33942222595215,19.810033798217773,0.6484107971191406,-0.529388427734375
M02_EclipseHDSSHigh,PTV11,2,20.24959945678711,20.154861450195312,19.776737213134766,-0.09473800659179688,-0.3781242370605469
M02_Standard,PTV11,2,20.24959945678711,20.150671005249023,19.96890640258789,-0.09892845153808594,-0.1817646026611328
M02_EclipseHDSSHigh,PTV19,2,20.034318923950195,19.72140884399414,19.721227645874023,-0.3129100799560547,-0.0001811981201171875
M02_Standard,PTV19,2,20.034318923950195,19.83778190612793,19.700830459594727,-0.19653701782226562,-0.13695144653320312
M02_EclipseHDSSHigh,PTV15,2,19.979921340942383,20.31122589111328,20.018789291381836,0.33130455017089844,-0.2924365997314453
M02_Standard,PTV15,2,19.979921340942383,19.79021453857422,19.852943420410156,-0.18970680236816406,0.0627288818359375
M02_EclipseHDSSHigh,PTV16,2,19.68365478515625,19.851701736450195,19.617822647094727,0.1680469512939453,-0.23387908935546875
M02_Standard,PTV16,2,19.68365478515625,20.00136375427246,19.667346954345703,0.31770896911621094,-0.3340167999267578
M02_EclipseHDSSHigh,PTV07,2,19.71426773071289,19.311065673828125,19.27090072631836,-0.4032020568847656,-0.040164947509765625
M02_Standard,PTV07,2,19.71426773071289,19.636211395263672,19.743764877319336,-0.07805633544921875,0.10755348205566406
M02_EclipseHDSSHigh,PTV06,2,19.85152816772461,20.30095672607422,19.78724479675293,0.4494285583496094,-0.5137119293212891
M02_Standard,PTV06,2,19.85152816772461,19.631052017211914,19.6081600189209,-0.2204761505126953,-0.022891998291015625
M02_EclipseHDSSHigh,PTV05,2,20.114042282104492,19.722904205322266,19.437049865722656,-0.39113807678222656,-0.2858543395996094
M02_Standard,PTV05,2,20.114042282104492,19.586484909057617,19.52745246887207,-0.527557373046875,-0.059032440185546875
M02_EclipseHDSSHigh,PTV20,2,20.5269718170166,20.265451431274414,20.158666610717773,-0.2615203857421875,-0.10678482055664062
M02_Standard,PTV20,2,20.5269718170166,19.993005752563477,19.95751190185547,-0.533966064453125,-0.03549385070800781
M02_EclipseHDSSHigh,PTV10,2,19.87480926513672,20.720966339111328,19.671710968017578,0.8461570739746094,-1.04925537109375
M02_Standard,PTV10,2,19.87480926513672,20.112642288208008,20.105276107788086,0.23783302307128906,-0.007366180419921875
M02_EclipseHDSSHigh,PTV14,2,19.72598648071289,20.145172119140625,19.829294204711914,0.4191856384277344,-0.31587791442871094
M02_Standard,PTV14,2,19.72598648071289,19.53466796875,19.517866134643555,-0.19131851196289062,-0.016801834106445312
M02_EclipseHDSSHigh,PTV08,2,19.72624969482422,20.255733489990234,19.716707229614258,0.5294837951660156,-0.5390262603759766
M02_Standard,PTV08,2,19.72624969482422,20.382471084594727,19.979284286499023,0.6562213897705078,-0.4031867980957031
M02_EclipseHDSSHigh,PTV18,2,19.858259201049805,19.982444763183594,19.877737045288086,0.12418556213378906,-0.10470771789550781
M02_Standard,PTV18,2,19.858259201049805,19.77726936340332,19.760337829589844,-0.08098983764648438,-0.016931533813476562
M02_EclipseHDSSHigh,PTV24,2,20.345258712768555,20.212114334106445,20.09695053100586,-0.13314437866210938,-0.11516380310058594
M02_Standard,PTV24,2,20.345258712768555,20.11683464050293,20.187334060668945,-0.228424072265625,0.07049942016601562
M02_EclipseHDSSHigh,PTV03,2,20.02962875366211,19.64632797241211,19.53754997253418,-0.38330078125,-0.10877799987792969
M02_Standard,PTV03,2,20.02962875366211,21.173927307128906,20.339332580566406,1.1442985534667969,-0.8345947265625
M02_EclipseHDSSHigh,PTV02,2,20.23533821105957,19.838172912597656,19.474077224731445,-0.39716529846191406,-0.36409568786621094
M02_Standard,PTV02,2,20.23533821105957,19.768617630004883,19.42839813232422,-0.4667205810546875,-0.34021949768066406
M02_EclipseHDSSHigh,PTV12,2,19.904325485229492,19.753582000732422,19.63141441345215,-0.1507434844970703,-0.12216758728027344
M02_Standard,PTV12,2,19.904325485229492,19.646121978759766,19.45583724975586,-0.25820350646972656,-0.19028472900390625
M02_EclipseHDSSHigh,PTV13,2,19.782400131225586,20.303424835205078,19.816936492919922,0.5210247039794922,-0.48648834228515625
M02_Standard,PTV13,2,19.782400131225586,19.881799697875977,19.466646194458008,0.09939956665039062,-0.41515350341796875
M02_EclipseHDSSHigh,PTV04,2,20.387657165527344,19.79568862915039,19.529157638549805,-0.5919685363769531,-0.26653099060058594
M02_Standard,PTV04,2,20.387657165527344,19.799457550048828,19.7908992767334,-0.5881996154785156,-0.008558273315429688
M02_EclipseHDSSHigh,PTV01,2,19.897579193115234,19.8603458404541,19.734195709228516,-0.03723335266113281,-0.12615013122558594
M02_Standard,PTV01,2,19.897579193115234,19.637540817260742,19.743837356567383,-0.2600383758544922,0.10629653930664062
M02_EclipseHDSSHigh,PTV23,2,19.78386116027832,19.87897300720215,19.760963439941406,0.09511184692382812,-0.11800956726074219
M02_Standard,PTV23,2,19.78386116027832,19.836252212524414,19.69818878173828,0.05239105224609375,-0.1380634307861328
M02_EclipseHDSSHigh,PTV22,2,19.817821502685547,20.34438133239746,20.1431941986084,0.5265598297119141,-0.2011871337890625
M02_Standard,PTV22,2,19.817821502685547,19.682193756103516,19.842323303222656,-0.13562774658203125,0.16012954711914062
M02_EclipseHDSSHigh,PTV21,2,19.949298858642578,19.784116744995117,19.697603225708008,-0.16518211364746094,-0.08651351928710938
M02_Standard,PTV21,2,19.949298858642578,19.60665512084961,19.460824966430664,-0.34264373779296875,-0.1458301544189453
M02_EclipseHDSSHigh,PTV17,2,19.71381378173828,20.043102264404297,19.898807525634766,0.3292884826660156,-0.14429473876953125
M02_Standard,PTV17,2,19.71381378173828,19.7000675201416,19.722002029418945,-0.013746261596679688,0.02193450927734375
