target,margin_mm,volume_mm3,diameter_mm,x_mm,y_mm,z_mm
GTV01,0,5.952000000000002,2.248475191104932,41.25,-18.75,1.4166666666666856
GTV02,0,5.952000000000002,2.248475191104932,31.25,11.25,21.916666666666686
GTV03,0,5.952000000000016,2.2484751911049337,-18.75,-28.75,21.416666666666686
GTV04,0,5.952000000000016,2.2484751911049337,11.25,-8.75,21.916666666666686
GTV05,0,29.50400000000001,3.833782103207882,21.25,-28.75,1.4166666666666856
GTV06,0,29.50400000000001,3.833782103207882,-18.75,-28.75,-18.083333333333314
GTV07,0,29.504000000000076,3.8337821032078847,11.25,-18.75,-18.583333333333314
GTV08,0,29.504000000000076,3.8337821032078847,-38.75,-8.75,1.9166666666666856
GTV09,0,28.992000000000008,3.8114759570076076,-18.75,41.25,21.416666666666686
GTV10,0,28.992000000000008,3.8114759570076076,-48.75,-18.75,-18.083333333333314
GTV11,0,29.120000000000076,3.817076958389137,21.25,31.25,21.416666666666686
GTV12,0,29.120000000000076,3.817076958389137,41.25,-8.75,-18.083333333333314
GTV13,0,29.76000000000008,3.8448384934887265,11.25,21.25,-18.583333333333314
GTV14,0,29.76000000000008,3.8448384934887265,-18.75,21.25,1.9166666666666856
GTV15,0,119.23200000000003,6.106580251073052,-28.75,51.25,-18.583333333333314
GTV16,0,119.23200000000003,6.106580251073052,-18.75,1.25,21.916666666666686
GTV17,0,119.23200000000031,6.106580251073058,-18.75,1.25,-18.583333333333314
GTV18,0,119.23200000000031,6.106580251073058,41.25,31.25,-18.083333333333314
GTV19,0,119.61600000000003,6.113128867620324,21.25,1.25,1.4166666666666856
GTV20,0,119.61600000000003,6.113128867620324,-48.75,21.25,1.9166666666666856
GTV21,0,119.48800000000031,6.11094755472591,-28.75,-38.75,1.4166666666666856
GTV22,0,119.48800000000031,6.11094755472591,11.25,51.25,1.9166666666666856
GTV23,0,120.00000000000031,6.119663483891744,31.25,-38.75,-18.583333333333314
GTV24,0,120.00000000000031,6.119663483891744,11.25,-38.75,21.916666666666686
PTV01,1,31.296000000000006,3.90987977617682,41.25,-18.75,1.4166666666666856
PTV02,1,36.41600000000001,4.112423883275452,31.25,11.25,21.916666666666686
PTV03,1,36.416000000000096,4.112423883275455,-18.75,-28.75,21.416666666666686
PTV04,1,36.416000000000096,4.112423883275455,11.25,-8.75,21.916666666666686
PTV05,1,101.95200000000003,5.796053370375797,21.25,-28.75,1.4166666666666856
PTV06,1,101.95200000000003,5.796053370375797,-18.75,-28.75,-18.083333333333314
PTV07,1,101.95200000000027,5.796053370375801,11.25,-18.75,-18.583333333333314
PTV08,1,101.95200000000027,5.796053370375801,-38.75,-8.75,1.9166666666666856
PTV09,1,104.51200000000003,5.844165580517091,-18.75,41.25,21.416666666666686
PTV10,1,104.38400000000003,5.841778745217713,-48.75,-18.75,-18.083333333333314
PTV11,1,104.89600000000027,5.851314414042223,21.25,31.25,21.416666666666686
PTV12,1,104.89600000000027,5.851314414042223,41.25,-8.75,-18.083333333333314
PTV13,1,108.35200000000029,5.91488224850334,11.25,21.25,-18.583333333333314
PTV14,1,108.35200000000029,5.91488224850334,-18.75,21.25,1.9166666666666856
PTV15,1,273.6000000000001,8.054510591028494,-28.75,51.25,-18.583333333333314
PTV16,1,281.7920000000001,8.134109460128627,-18.75,1.25,21.916666666666686
PTV17,1,281.7920000000007,8.134109460128634,-18.75,1.25,-18.583333333333314
PTV18,1,281.7920000000007,8.134109460128634,41.25,31.25,-18.083333333333314
PTV19,1,291.6480000000001,8.227858105655269,21.25,1.25,1.4166666666666856
PTV20,1,291.6480000000001,8.227858105655269,-48.75,21.25,1.9166666666666856
PTV21,1,288.9600000000008,8.202502449944717,-28.75,-38.75,1.4166666666666856
PTV22,1,288.9600000000008,8.202502449944717,11.25,51.25,1.9166666666666856
PTV23,1,289.4720000000008,8.20734418497294,31.25,-38.75,-18.583333333333314
PTV24,1,289.4720000000008,8.20734418497294,11.25,-38.75,21.916666666666686
PTV01,2,142.27200000000002,6.476995641235328,41.25,-18.75,1.4166666666666856
PTV02,2,142.27200000000002,6.476995641235328,31.25,11.25,21.916666666666686
PTV03,2,142.27200000000036,6.476995641235333,-18.75,-28.75,21.416666666666686
PTV04,2,142.27200000000036,6.476995641235333,11.25,-8.75,21.916666666666686
PTV05,2,261.05600000000004,7.929485677232483,21.25,-28.75,1.4166666666666856
PTV06,2,268.73600000000005,8.006494483788147,-18.75,-28.75,-18.083333333333314
PTV07,2,268.73600000000073,8.006494483788154,11.25,-18.75,-18.583333333333314
PTV08,2,268.73600000000073,8.006494483788154,-38.75,-8.75,1.9166666666666856
PTV09,2,279.10400000000004,8.108163161168052,-18.75,41.25,21.416666666666686
PTV10,2,278.08000000000004,8.098235041452101,-48.75,-18.75,-18.083333333333314
PTV11,2,284.09600000000074,8.156218133651482,21.25,31.25,21.416666666666686
PTV12,2,284.09600000000074,8.156218133651482,41.25,-8.75,-18.083333333333314
PTV13,2,287.9360000000008,8.19280179493369,11.25,21.25,-18.583333333333314
PTV14,2,287.9360000000008,8.19280179493369,-18.75,21.25,1.9166666666666856
PTV15,2,578.1120000000002,10.335649835293205,-28.75,51.25,-18.583333333333314
PTV16,2,578.1120000000002,10.335649835293205,-18.75,1.25,21.916666666666686
PTV17,2,578.1120000000016,10.335649835293214,-18.75,1.25,-18.583333333333314
PTV18,2,578.1120000000016,10.335649835293214,41.25,31.25,-18.083333333333314
PTV19,2,610.6240000000001,10.525880031346974,21.25,1.25,1.4166666666666856
PTV20,2,613.8240000000002,10.544235106419679,-48.75,21.25,1.9166666666666856
PTV21,2,608.1920000000016,10.511887240976334,-28.75,-38.75,1.4166666666666856
PTV22,2,608.1920000000016,10.511887240976334,11.25,51.25,1.9166666666666856
PTV23,2,604.0320000000016,10.487865477084245,31.25,-38.75,-18.583333333333314
PTV24,2,604.0320000000016,10.487865477084245,11.25,-38.75,21.916666666666686
