id,shape,analytic_volume_mm3,shape_axis_deg,grid_angle_deg,ct_slice_phase,source_spacing_mm,encoded_voxel_volume_mm3,surface_volume_mm3,actual_equivalent_diameter_mm
GTV01,sphere,6.5,0,0,0,0.4,5.952000000000002,5.728000000000023,2.248475191104932
GTV02,sphere,6.5,0,0,0.5,0.4,5.952000000000002,5.728000000000015,2.248475191104932
GTV03,sphere,6.5,0,30,0,0.4,5.952000000000002,5.7279999999999776,2.248475191104932
GTV04,sphere,6.5,0,30,0.5,0.4,5.952000000000002,5.727999999999979,2.248475191104932
GTV05,sphere,30.0,0,0,0,0.4,29.50400000000001,28.853333333333335,3.8337821032078816
GTV06,sphere,30.0,0,0,0.5,0.4,29.50400000000001,28.853333333333335,3.8337821032078816
GTV07,sphere,30.0,0,30,0,0.4,29.50400000000001,28.853333333333364,3.8337821032078816
GTV08,sphere,30.0,0,30,0.5,0.4,29.50400000000001,28.853333333333342,3.8337821032078816
GTV09,ellipsoid,30.0,45,0,0,0.4,28.992000000000008,28.36266666666664,3.8114759570076076
GTV10,ellipsoid,30.0,45,0,0.5,0.4,28.992000000000008,28.362666666666684,3.8114759570076076
GTV11,ellipsoid,30.0,45,30,0,0.4,29.120000000000008,28.479999999999972,3.817076958389134
GTV12,ellipsoid,30.0,45,30,0.5,0.4,29.120000000000008,28.480000000000015,3.817076958389134
GTV13,irregular_synthetic,30.0,0,30,0,0.4,29.76000000000001,29.08266666666667,3.844838493488723
GTV14,irregular_synthetic,30.0,0,30,0.5,0.4,29.76000000000001,29.082666666666682,3.844838493488723
GTV15,sphere,120.0,0,0,0,0.4,119.23200000000003,118.17599999999995,6.106580251073052
GTV16,sphere,120.0,0,0,0.5,0.4,119.23200000000003,118.17599999999999,6.106580251073052
GTV17,sphere,120.0,0,30,0,0.4,119.23200000000003,118.176,6.106580251073052
GTV18,sphere,120.0,0,30,0.5,0.4,119.23200000000003,118.176,6.106580251073052
GTV19,ellipsoid,120.0,45,0,0,0.4,119.61600000000003,118.54933333333338,6.113128867620324
GTV20,ellipsoid,120.0,45,0,0.5,0.4,119.61600000000003,118.54933333333338,6.113128867620324
GTV21,ellipsoid,120.0,45,30,0,0.4,119.48800000000003,118.4426666666667,6.110947554725906
GTV22,ellipsoid,120.0,45,30,0.5,0.4,119.48800000000003,118.44266666666665,6.110947554725906
GTV23,irregular_synthetic,120.0,0,30,0,0.4,120.00000000000003,118.94666666666666,6.119663483891739
GTV24,irregular_synthetic,120.0,0,30,0.5,0.4,120.00000000000003,118.94666666666667,6.119663483891739
