volume_mm3,diameter_mm,phase_mm,step_mm,analytic_D98_Gy,linear_D98_Gy,discrete_D98_Gy,linear_error_Gy,discrete_error_Gy
6.5,2.3154651284190675,0,0.08,19.03685379820808,19.042267435790468,19.0,0.0054136375823858884,-0.036853798208081656
6.5,2.3154651284190675,0,0.04,19.03685379820808,19.022267435790468,19.0,-0.014586362417613685,-0.036853798208081656
6.5,2.3154651284190675,0.5,0.08,19.53685379820808,19.542267435790468,20.0,0.0054136375823858884,0.46314620179191834
6.5,2.3154651284190675,0.5,0.04,19.53685379820808,19.522267435790468,20.0,-0.014586362417613685,0.46314620179191834
30,3.855146420814098,0,0.08,18.396404425622258,18.432426789592952,18.0,0.03602236397069447,-0.39640442562225786
30,3.855146420814098,0,0.04,18.396404425622258,18.412426789592953,18.0,0.016022363970694897,-0.39640442562225786
30,3.855146420814098,0.5,0.08,18.896404425622258,18.932426789592952,19.0,0.03602236397069447,0.10359557437774214
30,3.855146420814098,0.5,0.04,18.896404425622258,18.912426789592953,19.0,0.016022363970694897,0.10359557437774214
120,6.119663483891738,0,0.08,17.454450698301223,17.460168258054132,17.0,0.005717559752909551,-0.45445069830122264
120,6.119663483891738,0,0.04,17.454450698301223,17.440168258054133,17.0,-0.014282440247090022,-0.45445069830122264
120,6.119663483891738,0.5,0.08,17.954450698301223,17.960168258054132,18.0,0.005717559752909551,0.045549301698777356
120,6.119663483891738,0.5,0.04,17.954450698301223,17.940168258054133,18.0,-0.014282440247090022,0.045549301698777356
