margin_mm,route,n,median_contour_dice,median_delta_D98_Gy,minimum_delta_D98_Gy,maximum_delta_D98_Gy,abs_delta_ge_0_5_Gy,abs_delta_ge_1_Gy
0,Standard,24,0.8814097085748955,-0.27309703826904297,-2.3508243560791016,0.013675689697265625,10,3
0,HDSS recovery,24,0.9668254243878283,0.0,0.0,0.0,0,0
0,Eclipse STD L,24,0.870302802707601,-0.17424488067626953,-1.1650924682617188,1.2222938537597656,4,2
0,Eclipse STD H,24,0.8813953602241344,-0.2674989700317383,-2.073598861694336,0.17206764221191406,10,2
0,Eclipse HDSS L,24,0.8626064453857142,-0.6877470016479492,-3.4925308227539062,0.46935272216796875,14,9
0,Eclipse HDSS H,24,0.8831666732295166,-0.6639537811279297,-3.5006046295166016,0.07387351989746094,16,10
0,Monaco STD,24,0.8815209678745599,-0.28711509704589844,-2.362661361694336,0.021900177001953125,10,3
1,Standard,24,0.9226958108100343,-0.24681472778320312,-0.7377033233642578,-0.05815696716308594,6,0
1,HDSS recovery,24,0.9790120413897339,0.0,0.0,0.0,0,0
1,Eclipse STD L,24,0.923050140629351,-0.16007041931152344,-0.5973320007324219,0.08661842346191406,5,0
1,Eclipse STD H,24,0.9226084595472177,-0.2250347137451172,-0.7473392486572266,-0.039386749267578125,5,0
1,Eclipse HDSS L,24,0.9178086553069804,-0.5402183532714844,-2.1141300201416016,0.00016021728515625,13,1
1,Eclipse HDSS H,24,0.9306744538161108,-0.41877269744873047,-2.149599075317383,-0.1090087890625,10,2
1,Monaco STD,17,0.9168150657416921,-0.2540779113769531,-0.7662906646728516,-0.0842437744140625,5,0
2,Standard,24,0.9450300231270921,-0.1566915512084961,-1.1933403015136719,0.010557174682617188,3,1
2,HDSS recovery,24,0.98575668701568,0.0,0.0,0.0,0,0
2,Eclipse STD L,24,0.9452388894782862,-0.1436786651611328,-1.1452350616455078,0.05051231384277344,3,1
2,Eclipse STD H,24,0.945432719727831,-0.15261459350585938,-1.1737442016601562,-0.010272979736328125,3,1
2,Eclipse HDSS L,24,0.94284935285678,-0.3636913299560547,-1.1942405700683594,-0.10905838012695312,9,2
2,Eclipse HDSS H,24,0.9471503355304698,-0.34804248809814453,-1.2158470153808594,-0.09099578857421875,8,2
2,Monaco STD,7,0.9524952368056572,-0.14639854431152344,-1.190277099609375,-0.03516197204589844,1,1
